epoch,time,train/box_loss,train/cls_loss,train/dfl_loss,metrics/precision(B),metrics/recall(B),metrics/mAP50(B),metrics/mAP50-95(B),val/box_loss,val/cls_loss,val/dfl_loss,lr/pg0,lr/pg1,lr/pg2
1,738.65,1.9213,2.03604,1.24617,0.29616,0.161,0.07055,0.03137,1.99868,19.9421,1.6178,0.0704762,0.00328042,0.00328042
2,1479.89,1.92064,1.54697,1.26502,0.32281,0.15847,0.10281,0.04969,1.89176,3.16231,1.34326,0.040316,0.00645352,0.00645352
3,2187.88,1.84758,1.42456,1.22444,0.48747,0.15386,0.12047,0.0586,1.813,2.69691,1.28709,0.00953583,0.00900673,0.00900673
4,2688.99,1.80219,1.37017,1.21087,0.37389,0.16079,0.14064,0.07023,1.76754,1.44494,1.19553,0.00795954,0.00795954,0.00795954
5,3148.29,1.74765,1.29314,1.17838,0.54195,0.20522,0.16658,0.08552,1.70298,1.36209,1.16126,0.00657963,0.00657963,0.00657963
6,3609.13,1.70362,1.24991,1.16273,0.37666,0.19471,0.17426,0.08976,1.68271,1.24507,1.16523,0.00505,0.00505,0.00505
7,4059.86,1.66473,1.20266,1.13867,0.56896,0.21731,0.19429,0.10245,1.60888,1.15178,1.12096,0.00352037,0.00352037,0.00352037
